timeStamp,elapsed,label,responseCode,responseMessage,threadName,dataType,success,failureMessage,bytes,sentBytes,grpThreads,allThreads,URL,Latency,IdleTime,Connect
1787190474889,5,HTTP Request,200,OK,Thread Group 1-1,text,true,,336,126,1,1,http://localhost:3000/api/health,5,0,3
1787190474896,12,HTTP Request,200,OK,Thread Group 1-1,text,true,,758,134,1,1,http://localhost:3000/api/especialidades,11,0,0
1787190474908,2,HTTP Request,200,OK,Thread Group 1-1,text,true,,1189,127,1,1,http://localhost:3000/api/medicos,2,0,0
1787190474911,8,HTTP Request,200,OK,Thread Group 1-1,text,true,,1074,140,1,1,http://localhost:3000/api/medicos/estadisticas,8,0,0
1787190474919,3,HTTP Request,200,OK,Thread Group 1-1,text,true,,3037,129,1,1,http://localhost:3000/api/pacientes,3,0,0
1787190474922,3,HTTP Request,200,OK,Thread Group 1-1,text,true,,1703,135,1,1,http://localhost:3000/api/citas/completas,3,0,0
1787190474925,1,HTTP Request,200,OK,Thread Group 1-1,text,true,,336,126,1,1,http://localhost:3000/api/health,1,0,0
1787190474926,3,HTTP Request,200,OK,Thread Group 1-1,text,true,,758,134,1,1,http://localhost:3000/api/especialidades,3,0,0
1787190474929,4,HTTP Request,200,OK,Thread Group 1-1,text,true,,1189,127,1,1,http://localhost:3000/api/medicos,4,0,0
1787190474934,4,HTTP Request,200,OK,Thread Group 1-1,text,true,,1074,140,1,1,http://localhost:3000/api/medicos/estadisticas,4,0,0
1787190474939,3,HTTP Request,200,OK,Thread Group 1-1,text,true,,3037,129,1,1,http://localhost:3000/api/pacientes,3,0,0
1787190474942,2,HTTP Request,200,OK,Thread Group 1-1,text,true,,1703,135,1,1,http://localhost:3000/api/citas/completas,2,0,0
1787190474945,1,HTTP Request,200,OK,Thread Group 1-1,text,true,,336,126,1,1,http://localhost:3000/api/health,1,0,0
1787190474946,3,HTTP Request,200,OK,Thread Group 1-1,text,true,,758,134,1,1,http://localhost:3000/api/especialidades,3,0,0
1787190474949,4,HTTP Request,200,OK,Thread Group 1-1,text,true,,1189,127,1,1,http://localhost:3000/api/medicos,4,0,0
1787190474954,4,HTTP Request,200,OK,Thread Group 1-1,text,true,,1074,140,1,1,http://localhost:3000/api/medicos/estadisticas,4,0,0
1787190474959,3,HTTP Request,200,OK,Thread Group 1-1,text,true,,3037,129,1,1,http://localhost:3000/api/pacientes,3,0,0
1787190474962,4,HTTP Request,200,OK,Thread Group 1-1,text,true,,1703,135,1,1,http://localhost:3000/api/citas/completas,4,0,0
1787190474966,1,HTTP Request,200,OK,Thread Group 1-1,text,true,,336,126,1,1,http://localhost:3000/api/health,1,0,0
1787190474968,3,HTTP Request,200,OK,Thread Group 1-1,text,true,,758,134,1,1,http://localhost:3000/api/especialidades,3,0,0
1787190474971,3,HTTP Request,200,OK,Thread Group 1-1,text,true,,1189,127,1,1,http://localhost:3000/api/medicos,2,0,0
1787190474974,5,HTTP Request,200,OK,Thread Group 1-1,text,true,,1074,140,1,1,http://localhost:3000/api/medicos/estadisticas,5,0,0
1787190474979,3,HTTP Request,200,OK,Thread Group 1-1,text,true,,3037,129,1,1,http://localhost:3000/api/pacientes,3,0,0
1787190474983,2,HTTP Request,200,OK,Thread Group 1-1,text,true,,1703,135,1,1,http://localhost:3000/api/citas/completas,2,0,0
1787190474986,1,HTTP Request,200,OK,Thread Group 1-1,text,true,,336,126,1,1,http://localhost:3000/api/health,1,0,0
1787190474987,2,HTTP Request,200,OK,Thread Group 1-1,text,true,,758,134,1,1,http://localhost:3000/api/especialidades,2,0,0
1787190474990,2,HTTP Request,200,OK,Thread Group 1-1,text,true,,1189,127,1,1,http://localhost:3000/api/medicos,2,0,0
1787190474992,5,HTTP Request,200,OK,Thread Group 1-1,text,true,,1074,140,1,1,http://localhost:3000/api/medicos/estadisticas,5,0,0
1787190474998,4,HTTP Request,200,OK,Thread Group 1-1,text,true,,3037,129,1,1,http://localhost:3000/api/pacientes,4,0,0
1787190475002,49,HTTP Request,200,OK,Thread Group 1-1,text,true,,1703,135,1,1,http://localhost:3000/api/citas/completas,49,0,0
1787190475400,3,HTTP Request,200,OK,Thread Group 1-2,text,true,,336,126,1,1,http://localhost:3000/api/health,3,0,2
1787190475404,3,HTTP Request,200,OK,Thread Group 1-2,text,true,,758,134,1,1,http://localhost:3000/api/especialidades,3,0,0
1787190475407,3,HTTP Request,200,OK,Thread Group 1-2,text,true,,1189,127,1,1,http://localhost:3000/api/medicos,3,0,0
1787190475411,6,HTTP Request,200,OK,Thread Group 1-2,text,true,,1074,140,1,1,http://localhost:3000/api/medicos/estadisticas,6,0,0
1787190475417,3,HTTP Request,200,OK,Thread Group 1-2,text,true,,3037,129,1,1,http://localhost:3000/api/pacientes,3,0,0
1787190475420,2,HTTP Request,200,OK,Thread Group 1-2,text,true,,1703,135,1,1,http://localhost:3000/api/citas/completas,2,0,0
1787190475423,1,HTTP Request,200,OK,Thread Group 1-2,text,true,,336,126,1,1,http://localhost:3000/api/health,1,0,0
1787190475424,2,HTTP Request,200,OK,Thread Group 1-2,text,true,,758,134,1,1,http://localhost:3000/api/especialidades,2,0,0
1787190475426,3,HTTP Request,200,OK,Thread Group 1-2,text,true,,1189,127,1,1,http://localhost:3000/api/medicos,3,0,0
1787190475429,6,HTTP Request,200,OK,Thread Group 1-2,text,true,,1074,140,1,1,http://localhost:3000/api/medicos/estadisticas,6,0,0
1787190475435,3,HTTP Request,200,OK,Thread Group 1-2,text,true,,3037,129,1,1,http://localhost:3000/api/pacientes,3,0,0
1787190475438,2,HTTP Request,200,OK,Thread Group 1-2,text,true,,1703,135,1,1,http://localhost:3000/api/citas/completas,2,0,0
1787190475441,1,HTTP Request,200,OK,Thread Group 1-2,text,true,,336,126,1,1,http://localhost:3000/api/health,1,0,0
1787190475442,2,HTTP Request,200,OK,Thread Group 1-2,text,true,,758,134,1,1,http://localhost:3000/api/especialidades,2,0,0
1787190475445,2,HTTP Request,200,OK,Thread Group 1-2,text,true,,1189,127,1,1,http://localhost:3000/api/medicos,2,0,0
1787190475447,6,HTTP Request,200,OK,Thread Group 1-2,text,true,,1074,140,1,1,http://localhost:3000/api/medicos/estadisticas,6,0,0
1787190475453,3,HTTP Request,200,OK,Thread Group 1-2,text,true,,3037,129,1,1,http://localhost:3000/api/pacientes,3,0,0
1787190475456,2,HTTP Request,200,OK,Thread Group 1-2,text,true,,1703,135,1,1,http://localhost:3000/api/citas/completas,2,0,0
1787190475459,1,HTTP Request,200,OK,Thread Group 1-2,text,true,,336,126,1,1,http://localhost:3000/api/health,1,0,0
1787190475460,2,HTTP Request,200,OK,Thread Group 1-2,text,true,,758,134,1,1,http://localhost:3000/api/especialidades,2,0,0
1787190475462,3,HTTP Request,200,OK,Thread Group 1-2,text,true,,1189,127,1,1,http://localhost:3000/api/medicos,3,0,0
1787190475466,6,HTTP Request,200,OK,Thread Group 1-2,text,true,,1074,140,1,1,http://localhost:3000/api/medicos/estadisticas,6,0,0
1787190475473,2,HTTP Request,200,OK,Thread Group 1-2,text,true,,3037,129,1,1,http://localhost:3000/api/pacientes,2,0,0
1787190475475,3,HTTP Request,200,OK,Thread Group 1-2,text,true,,1703,135,1,1,http://localhost:3000/api/citas/completas,3,0,0
1787190475478,1,HTTP Request,200,OK,Thread Group 1-2,text,true,,336,126,1,1,http://localhost:3000/api/health,1,0,0
1787190475480,3,HTTP Request,200,OK,Thread Group 1-2,text,true,,758,134,1,1,http://localhost:3000/api/especialidades,3,0,0
1787190475483,3,HTTP Request,200,OK,Thread Group 1-2,text,true,,1189,127,1,1,http://localhost:3000/api/medicos,3,0,0
1787190475486,5,HTTP Request,200,OK,Thread Group 1-2,text,true,,1074,140,1,1,http://localhost:3000/api/medicos/estadisticas,5,0,0
1787190475492,2,HTTP Request,200,OK,Thread Group 1-2,text,true,,3037,129,1,1,http://localhost:3000/api/pacientes,2,0,0
1787190475495,2,HTTP Request,200,OK,Thread Group 1-2,text,true,,1703,135,1,1,http://localhost:3000/api/citas/completas,2,0,0
1787190475898,3,HTTP Request,200,OK,Thread Group 1-3,text,true,,336,126,1,1,http://localhost:3000/api/health,3,0,2
1787190475901,3,HTTP Request,200,OK,Thread Group 1-3,text,true,,758,134,1,1,http://localhost:3000/api/especialidades,3,0,0
1787190475905,3,HTTP Request,200,OK,Thread Group 1-3,text,true,,1189,127,1,1,http://localhost:3000/api/medicos,2,0,0
1787190475908,6,HTTP Request,200,OK,Thread Group 1-3,text,true,,1074,140,1,1,http://localhost:3000/api/medicos/estadisticas,5,0,0
1787190475914,4,HTTP Request,200,OK,Thread Group 1-3,text,true,,3037,129,1,1,http://localhost:3000/api/pacientes,4,0,0
1787190475919,3,HTTP Request,200,OK,Thread Group 1-3,text,true,,1703,135,1,1,http://localhost:3000/api/citas/completas,3,0,0
1787190475922,1,HTTP Request,200,OK,Thread Group 1-3,text,true,,336,126,1,1,http://localhost:3000/api/health,1,0,0
1787190475924,2,HTTP Request,200,OK,Thread Group 1-3,text,true,,758,134,1,1,http://localhost:3000/api/especialidades,2,0,0
1787190475926,3,HTTP Request,200,OK,Thread Group 1-3,text,true,,1189,127,1,1,http://localhost:3000/api/medicos,3,0,0
1787190475929,6,HTTP Request,200,OK,Thread Group 1-3,text,true,,1074,140,1,1,http://localhost:3000/api/medicos/estadisticas,6,0,0
1787190475936,3,HTTP Request,200,OK,Thread Group 1-3,text,true,,3037,129,1,1,http://localhost:3000/api/pacientes,3,0,0
1787190475939,3,HTTP Request,200,OK,Thread Group 1-3,text,true,,1703,135,1,1,http://localhost:3000/api/citas/completas,3,0,0
1787190475943,1,HTTP Request,200,OK,Thread Group 1-3,text,true,,336,126,1,1,http://localhost:3000/api/health,1,0,0
1787190475944,3,HTTP Request,200,OK,Thread Group 1-3,text,true,,758,134,1,1,http://localhost:3000/api/especialidades,3,0,0
1787190475947,4,HTTP Request,200,OK,Thread Group 1-3,text,true,,1189,127,1,1,http://localhost:3000/api/medicos,4,0,0
1787190475951,5,HTTP Request,200,OK,Thread Group 1-3,text,true,,1074,140,1,1,http://localhost:3000/api/medicos/estadisticas,5,0,0
1787190475957,3,HTTP Request,200,OK,Thread Group 1-3,text,true,,3037,129,1,1,http://localhost:3000/api/pacientes,3,0,0
1787190475960,3,HTTP Request,200,OK,Thread Group 1-3,text,true,,1703,135,1,1,http://localhost:3000/api/citas/completas,3,0,0
1787190475963,2,HTTP Request,200,OK,Thread Group 1-3,text,true,,336,126,1,1,http://localhost:3000/api/health,2,0,0
1787190475965,4,HTTP Request,200,OK,Thread Group 1-3,text,true,,758,134,1,1,http://localhost:3000/api/especialidades,4,0,0
1787190475969,3,HTTP Request,200,OK,Thread Group 1-3,text,true,,1189,127,1,1,http://localhost:3000/api/medicos,3,0,0
1787190475972,7,HTTP Request,200,OK,Thread Group 1-3,text,true,,1074,140,1,1,http://localhost:3000/api/medicos/estadisticas,6,0,0
1787190475979,7,HTTP Request,200,OK,Thread Group 1-3,text,true,,3037,129,1,1,http://localhost:3000/api/pacientes,7,0,0
1787190475986,4,HTTP Request,200,OK,Thread Group 1-3,text,true,,1703,135,1,1,http://localhost:3000/api/citas/completas,4,0,0
1787190475990,2,HTTP Request,200,OK,Thread Group 1-3,text,true,,336,126,1,1,http://localhost:3000/api/health,2,0,0
1787190475992,3,HTTP Request,200,OK,Thread Group 1-3,text,true,,758,134,1,1,http://localhost:3000/api/especialidades,3,0,0
1787190475995,5,HTTP Request,200,OK,Thread Group 1-3,text,true,,1189,127,1,1,http://localhost:3000/api/medicos,5,0,0
1787190476000,7,HTTP Request,200,OK,Thread Group 1-3,text,true,,1074,140,1,1,http://localhost:3000/api/medicos/estadisticas,7,0,0
1787190476007,5,HTTP Request,200,OK,Thread Group 1-3,text,true,,3037,129,1,1,http://localhost:3000/api/pacientes,5,0,0
1787190476013,5,HTTP Request,200,OK,Thread Group 1-3,text,true,,1703,135,1,1,http://localhost:3000/api/citas/completas,5,0,0
1787190476386,3,HTTP Request,200,OK,Thread Group 1-4,text,true,,336,126,1,1,http://localhost:3000/api/health,3,0,2
1787190476389,3,HTTP Request,200,OK,Thread Group 1-4,text,true,,758,134,1,1,http://localhost:3000/api/especialidades,3,0,0
1787190476393,2,HTTP Request,200,OK,Thread Group 1-4,text,true,,1189,127,1,1,http://localhost:3000/api/medicos,2,0,0
1787190476395,5,HTTP Request,200,OK,Thread Group 1-4,text,true,,1074,140,1,1,http://localhost:3000/api/medicos/estadisticas,5,0,0
1787190476400,2,HTTP Request,200,OK,Thread Group 1-4,text,true,,3037,129,1,1,http://localhost:3000/api/pacientes,2,0,0
1787190476403,2,HTTP Request,200,OK,Thread Group 1-4,text,true,,1703,135,1,1,http://localhost:3000/api/citas/completas,2,0,0
1787190476405,1,HTTP Request,200,OK,Thread Group 1-4,text,true,,336,126,1,1,http://localhost:3000/api/health,1,0,0
1787190476407,2,HTTP Request,200,OK,Thread Group 1-4,text,true,,758,134,1,1,http://localhost:3000/api/especialidades,2,0,0
1787190476409,2,HTTP Request,200,OK,Thread Group 1-4,text,true,,1189,127,1,1,http://localhost:3000/api/medicos,2,0,0
1787190476411,5,HTTP Request,200,OK,Thread Group 1-4,text,true,,1074,140,1,1,http://localhost:3000/api/medicos/estadisticas,5,0,0
1787190476417,2,HTTP Request,200,OK,Thread Group 1-4,text,true,,3037,129,1,1,http://localhost:3000/api/pacientes,2,0,0
1787190476419,3,HTTP Request,200,OK,Thread Group 1-4,text,true,,1703,135,1,1,http://localhost:3000/api/citas/completas,3,0,0
1787190476422,1,HTTP Request,200,OK,Thread Group 1-4,text,true,,336,126,1,1,http://localhost:3000/api/health,1,0,0
1787190476423,2,HTTP Request,200,OK,Thread Group 1-4,text,true,,758,134,1,1,http://localhost:3000/api/especialidades,2,0,0
1787190476426,2,HTTP Request,200,OK,Thread Group 1-4,text,true,,1189,127,1,1,http://localhost:3000/api/medicos,2,0,0
1787190476428,5,HTTP Request,200,OK,Thread Group 1-4,text,true,,1074,140,1,1,http://localhost:3000/api/medicos/estadisticas,5,0,0
1787190476433,3,HTTP Request,200,OK,Thread Group 1-4,text,true,,3037,129,1,1,http://localhost:3000/api/pacientes,3,0,0
1787190476436,2,HTTP Request,200,OK,Thread Group 1-4,text,true,,1703,135,1,1,http://localhost:3000/api/citas/completas,2,0,0
1787190476439,1,HTTP Request,200,OK,Thread Group 1-4,text,true,,336,126,1,1,http://localhost:3000/api/health,1,0,0
1787190476440,2,HTTP Request,200,OK,Thread Group 1-4,text,true,,758,134,1,1,http://localhost:3000/api/especialidades,2,0,0
1787190476442,2,HTTP Request,200,OK,Thread Group 1-4,text,true,,1189,127,1,1,http://localhost:3000/api/medicos,2,0,0
1787190476444,5,HTTP Request,200,OK,Thread Group 1-4,text,true,,1074,140,1,1,http://localhost:3000/api/medicos/estadisticas,5,0,0
1787190476450,2,HTTP Request,200,OK,Thread Group 1-4,text,true,,3037,129,1,1,http://localhost:3000/api/pacientes,2,0,0
1787190476453,2,HTTP Request,200,OK,Thread Group 1-4,text,true,,1703,135,1,1,http://localhost:3000/api/citas/completas,2,0,0
1787190476455,1,HTTP Request,200,OK,Thread Group 1-4,text,true,,336,126,1,1,http://localhost:3000/api/health,1,0,0
1787190476456,3,HTTP Request,200,OK,Thread Group 1-4,text,true,,758,134,1,1,http://localhost:3000/api/especialidades,3,0,0
1787190476459,2,HTTP Request,200,OK,Thread Group 1-4,text,true,,1189,127,1,1,http://localhost:3000/api/medicos,2,0,0
1787190476461,6,HTTP Request,200,OK,Thread Group 1-4,text,true,,1074,140,1,1,http://localhost:3000/api/medicos/estadisticas,6,0,0
1787190476467,3,HTTP Request,200,OK,Thread Group 1-4,text,true,,3037,129,1,1,http://localhost:3000/api/pacientes,3,0,0
1787190476471,2,HTTP Request,200,OK,Thread Group 1-4,text,true,,1703,135,1,1,http://localhost:3000/api/citas/completas,2,0,0
1787190476886,3,HTTP Request,200,OK,Thread Group 1-5,text,true,,336,126,1,1,http://localhost:3000/api/health,3,0,2
1787190476890,3,HTTP Request,200,OK,Thread Group 1-5,text,true,,758,134,1,1,http://localhost:3000/api/especialidades,3,0,0
1787190476894,2,HTTP Request,200,OK,Thread Group 1-5,text,true,,1189,127,1,1,http://localhost:3000/api/medicos,2,0,0
1787190476897,5,HTTP Request,200,OK,Thread Group 1-5,text,true,,1074,140,1,1,http://localhost:3000/api/medicos/estadisticas,5,0,0
1787190476903,2,HTTP Request,200,OK,Thread Group 1-5,text,true,,3037,129,1,1,http://localhost:3000/api/pacientes,2,0,0
1787190476906,2,HTTP Request,200,OK,Thread Group 1-5,text,true,,1703,135,1,1,http://localhost:3000/api/citas/completas,2,0,0
1787190476908,1,HTTP Request,200,OK,Thread Group 1-5,text,true,,336,126,1,1,http://localhost:3000/api/health,1,0,0
1787190476910,2,HTTP Request,200,OK,Thread Group 1-5,text,true,,758,134,1,1,http://localhost:3000/api/especialidades,2,0,0
1787190476912,2,HTTP Request,200,OK,Thread Group 1-5,text,true,,1189,127,1,1,http://localhost:3000/api/medicos,2,0,0
1787190476915,5,HTTP Request,200,OK,Thread Group 1-5,text,true,,1074,140,1,1,http://localhost:3000/api/medicos/estadisticas,5,0,0
1787190476920,3,HTTP Request,200,OK,Thread Group 1-5,text,true,,3037,129,1,1,http://localhost:3000/api/pacientes,3,0,0
1787190476923,3,HTTP Request,200,OK,Thread Group 1-5,text,true,,1703,135,1,1,http://localhost:3000/api/citas/completas,3,0,0
1787190476926,1,HTTP Request,200,OK,Thread Group 1-5,text,true,,336,126,1,1,http://localhost:3000/api/health,1,0,0
1787190476927,2,HTTP Request,200,OK,Thread Group 1-5,text,true,,758,134,1,1,http://localhost:3000/api/especialidades,2,0,0
1787190476929,3,HTTP Request,200,OK,Thread Group 1-5,text,true,,1189,127,1,1,http://localhost:3000/api/medicos,3,0,0
1787190476932,5,HTTP Request,200,OK,Thread Group 1-5,text,true,,1074,140,1,1,http://localhost:3000/api/medicos/estadisticas,5,0,0
1787190476937,2,HTTP Request,200,OK,Thread Group 1-5,text,true,,3037,129,1,1,http://localhost:3000/api/pacientes,2,0,0
1787190476940,2,HTTP Request,200,OK,Thread Group 1-5,text,true,,1703,135,1,1,http://localhost:3000/api/citas/completas,2,0,0
1787190476943,1,HTTP Request,200,OK,Thread Group 1-5,text,true,,336,126,1,1,http://localhost:3000/api/health,1,0,0
1787190476944,2,HTTP Request,200,OK,Thread Group 1-5,text,true,,758,134,1,1,http://localhost:3000/api/especialidades,2,0,0
1787190476946,2,HTTP Request,200,OK,Thread Group 1-5,text,true,,1189,127,1,1,http://localhost:3000/api/medicos,2,0,0
1787190476948,5,HTTP Request,200,OK,Thread Group 1-5,text,true,,1074,140,1,1,http://localhost:3000/api/medicos/estadisticas,5,0,0
1787190476953,2,HTTP Request,200,OK,Thread Group 1-5,text,true,,3037,129,1,1,http://localhost:3000/api/pacientes,2,0,0
1787190476956,2,HTTP Request,200,OK,Thread Group 1-5,text,true,,1703,135,1,1,http://localhost:3000/api/citas/completas,2,0,0
1787190476958,1,HTTP Request,200,OK,Thread Group 1-5,text,true,,336,126,1,1,http://localhost:3000/api/health,1,0,0
1787190476959,2,HTTP Request,200,OK,Thread Group 1-5,text,true,,758,134,1,1,http://localhost:3000/api/especialidades,2,0,0
1787190476961,3,HTTP Request,200,OK,Thread Group 1-5,text,true,,1189,127,1,1,http://localhost:3000/api/medicos,2,0,0
1787190476964,5,HTTP Request,200,OK,Thread Group 1-5,text,true,,1074,140,1,1,http://localhost:3000/api/medicos/estadisticas,5,0,0
1787190476969,2,HTTP Request,200,OK,Thread Group 1-5,text,true,,3037,129,1,1,http://localhost:3000/api/pacientes,2,0,0
1787190476972,2,HTTP Request,200,OK,Thread Group 1-5,text,true,,1703,135,1,1,http://localhost:3000/api/citas/completas,2,0,0
1787190477386,3,HTTP Request,200,OK,Thread Group 1-6,text,true,,336,126,1,1,http://localhost:3000/api/health,3,0,2
1787190477390,3,HTTP Request,200,OK,Thread Group 1-6,text,true,,758,134,1,1,http://localhost:3000/api/especialidades,3,0,0
1787190477393,2,HTTP Request,200,OK,Thread Group 1-6,text,true,,1189,127,1,1,http://localhost:3000/api/medicos,2,0,0
1787190477395,6,HTTP Request,200,OK,Thread Group 1-6,text,true,,1074,140,1,1,http://localhost:3000/api/medicos/estadisticas,6,0,0
1787190477401,2,HTTP Request,200,OK,Thread Group 1-6,text,true,,3037,129,1,1,http://localhost:3000/api/pacientes,2,0,0
1787190477404,2,HTTP Request,200,OK,Thread Group 1-6,text,true,,1703,135,1,1,http://localhost:3000/api/citas/completas,2,0,0
1787190477407,1,HTTP Request,200,OK,Thread Group 1-6,text,true,,336,126,1,1,http://localhost:3000/api/health,1,0,0
1787190477408,2,HTTP Request,200,OK,Thread Group 1-6,text,true,,758,134,1,1,http://localhost:3000/api/especialidades,2,0,0
1787190477410,2,HTTP Request,200,OK,Thread Group 1-6,text,true,,1189,127,1,1,http://localhost:3000/api/medicos,2,0,0
1787190477412,5,HTTP Request,200,OK,Thread Group 1-6,text,true,,1074,140,1,1,http://localhost:3000/api/medicos/estadisticas,5,0,0
1787190477417,3,HTTP Request,200,OK,Thread Group 1-6,text,true,,3037,129,1,1,http://localhost:3000/api/pacientes,3,0,0
1787190477420,2,HTTP Request,200,OK,Thread Group 1-6,text,true,,1703,135,1,1,http://localhost:3000/api/citas/completas,2,0,0
1787190477422,1,HTTP Request,200,OK,Thread Group 1-6,text,true,,336,126,1,1,http://localhost:3000/api/health,1,0,0
1787190477423,2,HTTP Request,200,OK,Thread Group 1-6,text,true,,758,134,1,1,http://localhost:3000/api/especialidades,2,0,0
1787190477425,3,HTTP Request,200,OK,Thread Group 1-6,text,true,,1189,127,1,1,http://localhost:3000/api/medicos,3,0,0
1787190477428,4,HTTP Request,200,OK,Thread Group 1-6,text,true,,1074,140,1,1,http://localhost:3000/api/medicos/estadisticas,4,0,0
1787190477433,3,HTTP Request,200,OK,Thread Group 1-6,text,true,,3037,129,1,1,http://localhost:3000/api/pacientes,3,0,0
1787190477436,2,HTTP Request,200,OK,Thread Group 1-6,text,true,,1703,135,1,1,http://localhost:3000/api/citas/completas,2,0,0
1787190477438,1,HTTP Request,200,OK,Thread Group 1-6,text,true,,336,126,1,1,http://localhost:3000/api/health,1,0,0
1787190477439,2,HTTP Request,200,OK,Thread Group 1-6,text,true,,758,134,1,1,http://localhost:3000/api/especialidades,2,0,0
1787190477442,2,HTTP Request,200,OK,Thread Group 1-6,text,true,,1189,127,1,1,http://localhost:3000/api/medicos,2,0,0
1787190477444,4,HTTP Request,200,OK,Thread Group 1-6,text,true,,1074,140,1,1,http://localhost:3000/api/medicos/estadisticas,4,0,0
1787190477449,2,HTTP Request,200,OK,Thread Group 1-6,text,true,,3037,129,1,1,http://localhost:3000/api/pacientes,2,0,0
1787190477452,2,HTTP Request,200,OK,Thread Group 1-6,text,true,,1703,135,1,1,http://localhost:3000/api/citas/completas,2,0,0
1787190477454,1,HTTP Request,200,OK,Thread Group 1-6,text,true,,336,126,1,1,http://localhost:3000/api/health,1,0,0
1787190477456,1,HTTP Request,200,OK,Thread Group 1-6,text,true,,758,134,1,1,http://localhost:3000/api/especialidades,1,0,0
1787190477458,2,HTTP Request,200,OK,Thread Group 1-6,text,true,,1189,127,1,1,http://localhost:3000/api/medicos,2,0,0
1787190477460,5,HTTP Request,200,OK,Thread Group 1-6,text,true,,1074,140,1,1,http://localhost:3000/api/medicos/estadisticas,5,0,0
1787190477465,3,HTTP Request,200,OK,Thread Group 1-6,text,true,,3037,129,1,1,http://localhost:3000/api/pacientes,3,0,0
1787190477469,2,HTTP Request,200,OK,Thread Group 1-6,text,true,,1703,135,1,1,http://localhost:3000/api/citas/completas,2,0,0
1787190477886,3,HTTP Request,200,OK,Thread Group 1-7,text,true,,336,126,1,1,http://localhost:3000/api/health,3,0,1
1787190477889,3,HTTP Request,200,OK,Thread Group 1-7,text,true,,758,134,1,1,http://localhost:3000/api/especialidades,3,0,0
1787190477892,3,HTTP Request,200,OK,Thread Group 1-7,text,true,,1189,127,1,1,http://localhost:3000/api/medicos,3,0,0
1787190477895,3,HTTP Request,200,OK,Thread Group 1-7,text,true,,1074,140,1,1,http://localhost:3000/api/medicos/estadisticas,3,0,0
1787190477899,2,HTTP Request,200,OK,Thread Group 1-7,text,true,,3037,129,1,1,http://localhost:3000/api/pacientes,2,0,0
1787190477901,2,HTTP Request,200,OK,Thread Group 1-7,text,true,,1703,135,1,1,http://localhost:3000/api/citas/completas,2,0,0
1787190477904,1,HTTP Request,200,OK,Thread Group 1-7,text,true,,336,126,1,1,http://localhost:3000/api/health,1,0,0
1787190477905,2,HTTP Request,200,OK,Thread Group 1-7,text,true,,758,134,1,1,http://localhost:3000/api/especialidades,2,0,0
1787190477907,2,HTTP Request,200,OK,Thread Group 1-7,text,true,,1189,127,1,1,http://localhost:3000/api/medicos,2,0,0
1787190477909,4,HTTP Request,200,OK,Thread Group 1-7,text,true,,1074,140,1,1,http://localhost:3000/api/medicos/estadisticas,4,0,0
1787190477914,2,HTTP Request,200,OK,Thread Group 1-7,text,true,,3037,129,1,1,http://localhost:3000/api/pacientes,2,0,0
1787190477917,2,HTTP Request,200,OK,Thread Group 1-7,text,true,,1703,135,1,1,http://localhost:3000/api/citas/completas,2,0,0
1787190477920,1,HTTP Request,200,OK,Thread Group 1-7,text,true,,336,126,1,1,http://localhost:3000/api/health,1,0,0
1787190477921,2,HTTP Request,200,OK,Thread Group 1-7,text,true,,758,134,1,1,http://localhost:3000/api/especialidades,2,0,0
1787190477923,2,HTTP Request,200,OK,Thread Group 1-7,text,true,,1189,127,1,1,http://localhost:3000/api/medicos,2,0,0
1787190477925,5,HTTP Request,200,OK,Thread Group 1-7,text,true,,1074,140,1,1,http://localhost:3000/api/medicos/estadisticas,5,0,0
1787190477930,3,HTTP Request,200,OK,Thread Group 1-7,text,true,,3037,129,1,1,http://localhost:3000/api/pacientes,3,0,0
1787190477933,3,HTTP Request,200,OK,Thread Group 1-7,text,true,,1703,135,1,1,http://localhost:3000/api/citas/completas,3,0,0
1787190477936,1,HTTP Request,200,OK,Thread Group 1-7,text,true,,336,126,1,1,http://localhost:3000/api/health,1,0,0
1787190477937,2,HTTP Request,200,OK,Thread Group 1-7,text,true,,758,134,1,1,http://localhost:3000/api/especialidades,2,0,0
1787190477940,1,HTTP Request,200,OK,Thread Group 1-7,text,true,,1189,127,1,1,http://localhost:3000/api/medicos,1,0,0
1787190477942,4,HTTP Request,200,OK,Thread Group 1-7,text,true,,1074,140,1,1,http://localhost:3000/api/medicos/estadisticas,4,0,0
1787190477946,3,HTTP Request,200,OK,Thread Group 1-7,text,true,,3037,129,1,1,http://localhost:3000/api/pacientes,3,0,0
1787190477949,3,HTTP Request,200,OK,Thread Group 1-7,text,true,,1703,135,1,1,http://localhost:3000/api/citas/completas,3,0,0
1787190477952,1,HTTP Request,200,OK,Thread Group 1-7,text,true,,336,126,1,1,http://localhost:3000/api/health,1,0,0
1787190477954,1,HTTP Request,200,OK,Thread Group 1-7,text,true,,758,134,1,1,http://localhost:3000/api/especialidades,1,0,0
1787190477956,1,HTTP Request,200,OK,Thread Group 1-7,text,true,,1189,127,1,1,http://localhost:3000/api/medicos,1,0,0
1787190477958,4,HTTP Request,200,OK,Thread Group 1-7,text,true,,1074,140,1,1,http://localhost:3000/api/medicos/estadisticas,4,0,0
1787190477963,2,HTTP Request,200,OK,Thread Group 1-7,text,true,,3037,129,1,1,http://localhost:3000/api/pacientes,2,0,0
1787190477966,2,HTTP Request,200,OK,Thread Group 1-7,text,true,,1703,135,1,1,http://localhost:3000/api/citas/completas,2,0,0
1787190478386,4,HTTP Request,200,OK,Thread Group 1-8,text,true,,336,126,1,1,http://localhost:3000/api/health,4,0,2
1787190478390,3,HTTP Request,200,OK,Thread Group 1-8,text,true,,758,134,1,1,http://localhost:3000/api/especialidades,3,0,0
1787190478394,2,HTTP Request,200,OK,Thread Group 1-8,text,true,,1189,127,1,1,http://localhost:3000/api/medicos,2,0,0
1787190478397,5,HTTP Request,200,OK,Thread Group 1-8,text,true,,1074,140,1,1,http://localhost:3000/api/medicos/estadisticas,5,0,0
1787190478402,3,HTTP Request,200,OK,Thread Group 1-8,text,true,,3037,129,1,1,http://localhost:3000/api/pacientes,3,0,0
1787190478405,2,HTTP Request,200,OK,Thread Group 1-8,text,true,,1703,135,1,1,http://localhost:3000/api/citas/completas,2,0,0
1787190478408,1,HTTP Request,200,OK,Thread Group 1-8,text,true,,336,126,1,1,http://localhost:3000/api/health,1,0,0
1787190478409,2,HTTP Request,200,OK,Thread Group 1-8,text,true,,758,134,1,1,http://localhost:3000/api/especialidades,2,0,0
1787190478411,2,HTTP Request,200,OK,Thread Group 1-8,text,true,,1189,127,1,1,http://localhost:3000/api/medicos,2,0,0
1787190478413,6,HTTP Request,200,OK,Thread Group 1-8,text,true,,1074,140,1,1,http://localhost:3000/api/medicos/estadisticas,6,0,0
1787190478419,2,HTTP Request,200,OK,Thread Group 1-8,text,true,,3037,129,1,1,http://localhost:3000/api/pacientes,2,0,0
1787190478422,2,HTTP Request,200,OK,Thread Group 1-8,text,true,,1703,135,1,1,http://localhost:3000/api/citas/completas,2,0,0
1787190478424,1,HTTP Request,200,OK,Thread Group 1-8,text,true,,336,126,1,1,http://localhost:3000/api/health,1,0,0
1787190478425,2,HTTP Request,200,OK,Thread Group 1-8,text,true,,758,134,1,1,http://localhost:3000/api/especialidades,2,0,0
1787190478427,2,HTTP Request,200,OK,Thread Group 1-8,text,true,,1189,127,1,1,http://localhost:3000/api/medicos,2,0,0
1787190478429,5,HTTP Request,200,OK,Thread Group 1-8,text,true,,1074,140,1,1,http://localhost:3000/api/medicos/estadisticas,5,0,0
1787190478435,2,HTTP Request,200,OK,Thread Group 1-8,text,true,,3037,129,1,1,http://localhost:3000/api/pacientes,2,0,0
1787190478437,2,HTTP Request,200,OK,Thread Group 1-8,text,true,,1703,135,1,1,http://localhost:3000/api/citas/completas,2,0,0
1787190478440,1,HTTP Request,200,OK,Thread Group 1-8,text,true,,336,126,1,1,http://localhost:3000/api/health,1,0,0
1787190478441,2,HTTP Request,200,OK,Thread Group 1-8,text,true,,758,134,1,1,http://localhost:3000/api/especialidades,2,0,0
1787190478443,3,HTTP Request,200,OK,Thread Group 1-8,text,true,,1189,127,1,1,http://localhost:3000/api/medicos,3,0,0
1787190478446,6,HTTP Request,200,OK,Thread Group 1-8,text,true,,1074,140,1,1,http://localhost:3000/api/medicos/estadisticas,6,0,0
1787190478452,3,HTTP Request,200,OK,Thread Group 1-8,text,true,,3037,129,1,1,http://localhost:3000/api/pacientes,3,0,0
1787190478455,2,HTTP Request,200,OK,Thread Group 1-8,text,true,,1703,135,1,1,http://localhost:3000/api/citas/completas,2,0,0
1787190478458,0,HTTP Request,200,OK,Thread Group 1-8,text,true,,336,126,1,1,http://localhost:3000/api/health,0,0,0
1787190478459,2,HTTP Request,200,OK,Thread Group 1-8,text,true,,758,134,1,1,http://localhost:3000/api/especialidades,2,0,0
1787190478461,2,HTTP Request,200,OK,Thread Group 1-8,text,true,,1189,127,1,1,http://localhost:3000/api/medicos,2,0,0
1787190478464,5,HTTP Request,200,OK,Thread Group 1-8,text,true,,1074,140,1,1,http://localhost:3000/api/medicos/estadisticas,5,0,0
1787190478469,2,HTTP Request,200,OK,Thread Group 1-8,text,true,,3037,129,1,1,http://localhost:3000/api/pacientes,2,0,0
1787190478472,2,HTTP Request,200,OK,Thread Group 1-8,text,true,,1703,135,1,1,http://localhost:3000/api/citas/completas,2,0,0
1787190478886,3,HTTP Request,200,OK,Thread Group 1-9,text,true,,336,126,1,1,http://localhost:3000/api/health,3,0,2
1787190478890,3,HTTP Request,200,OK,Thread Group 1-9,text,true,,758,134,1,1,http://localhost:3000/api/especialidades,3,0,0
1787190478893,2,HTTP Request,200,OK,Thread Group 1-9,text,true,,1189,127,1,1,http://localhost:3000/api/medicos,2,0,0
1787190478895,7,HTTP Request,200,OK,Thread Group 1-9,text,true,,1074,140,1,1,http://localhost:3000/api/medicos/estadisticas,7,0,0
1787190478902,3,HTTP Request,200,OK,Thread Group 1-9,text,true,,3037,129,1,1,http://localhost:3000/api/pacientes,3,0,0
1787190478905,2,HTTP Request,200,OK,Thread Group 1-9,text,true,,1703,135,1,1,http://localhost:3000/api/citas/completas,2,0,0
1787190478907,1,HTTP Request,200,OK,Thread Group 1-9,text,true,,336,126,1,1,http://localhost:3000/api/health,1,0,0
1787190478908,2,HTTP Request,200,OK,Thread Group 1-9,text,true,,758,134,1,1,http://localhost:3000/api/especialidades,2,0,0
1787190478910,2,HTTP Request,200,OK,Thread Group 1-9,text,true,,1189,127,1,1,http://localhost:3000/api/medicos,2,0,0
1787190478912,5,HTTP Request,200,OK,Thread Group 1-9,text,true,,1074,140,1,1,http://localhost:3000/api/medicos/estadisticas,5,0,0
1787190478918,2,HTTP Request,200,OK,Thread Group 1-9,text,true,,3037,129,1,1,http://localhost:3000/api/pacientes,2,0,0
1787190478920,2,HTTP Request,200,OK,Thread Group 1-9,text,true,,1703,135,1,1,http://localhost:3000/api/citas/completas,2,0,0
1787190478922,1,HTTP Request,200,OK,Thread Group 1-9,text,true,,336,126,1,1,http://localhost:3000/api/health,1,0,0
1787190478924,2,HTTP Request,200,OK,Thread Group 1-9,text,true,,758,134,1,1,http://localhost:3000/api/especialidades,2,0,0
1787190478926,2,HTTP Request,200,OK,Thread Group 1-9,text,true,,1189,127,1,1,http://localhost:3000/api/medicos,2,0,0
1787190478928,4,HTTP Request,200,OK,Thread Group 1-9,text,true,,1074,140,1,1,http://localhost:3000/api/medicos/estadisticas,4,0,0
1787190478933,2,HTTP Request,200,OK,Thread Group 1-9,text,true,,3037,129,1,1,http://localhost:3000/api/pacientes,2,0,0
1787190478936,2,HTTP Request,200,OK,Thread Group 1-9,text,true,,1703,135,1,1,http://localhost:3000/api/citas/completas,2,0,0
1787190478938,1,HTTP Request,200,OK,Thread Group 1-9,text,true,,336,126,1,1,http://localhost:3000/api/health,1,0,0
1787190478939,2,HTTP Request,200,OK,Thread Group 1-9,text,true,,758,134,1,1,http://localhost:3000/api/especialidades,2,0,0
1787190478941,2,HTTP Request,200,OK,Thread Group 1-9,text,true,,1189,127,1,1,http://localhost:3000/api/medicos,2,0,0
1787190478943,5,HTTP Request,200,OK,Thread Group 1-9,text,true,,1074,140,1,1,http://localhost:3000/api/medicos/estadisticas,5,0,0
1787190478948,35,HTTP Request,200,OK,Thread Group 1-9,text,true,,3037,129,1,1,http://localhost:3000/api/pacientes,35,0,0
1787190478983,19,HTTP Request,200,OK,Thread Group 1-9,text,true,,1703,135,1,1,http://localhost:3000/api/citas/completas,19,0,0
1787190479002,16,HTTP Request,200,OK,Thread Group 1-9,text,true,,336,126,1,1,http://localhost:3000/api/health,16,0,0
1787190479018,3,HTTP Request,200,OK,Thread Group 1-9,text,true,,758,134,1,1,http://localhost:3000/api/especialidades,3,0,0
1787190479022,2,HTTP Request,200,OK,Thread Group 1-9,text,true,,1189,127,1,1,http://localhost:3000/api/medicos,2,0,0
1787190479024,5,HTTP Request,200,OK,Thread Group 1-9,text,true,,1074,140,1,1,http://localhost:3000/api/medicos/estadisticas,5,0,0
1787190479029,3,HTTP Request,200,OK,Thread Group 1-9,text,true,,3037,129,1,1,http://localhost:3000/api/pacientes,3,0,0
1787190479032,3,HTTP Request,200,OK,Thread Group 1-9,text,true,,1703,135,1,1,http://localhost:3000/api/citas/completas,3,0,0
1787190479386,3,HTTP Request,200,OK,Thread Group 1-10,text,true,,336,126,1,1,http://localhost:3000/api/health,3,0,1
1787190479389,3,HTTP Request,200,OK,Thread Group 1-10,text,true,,758,134,1,1,http://localhost:3000/api/especialidades,3,0,0
1787190479393,2,HTTP Request,200,OK,Thread Group 1-10,text,true,,1189,127,1,1,http://localhost:3000/api/medicos,2,0,0
1787190479396,6,HTTP Request,200,OK,Thread Group 1-10,text,true,,1074,140,1,1,http://localhost:3000/api/medicos/estadisticas,6,0,0
1787190479403,2,HTTP Request,200,OK,Thread Group 1-10,text,true,,3037,129,1,1,http://localhost:3000/api/pacientes,2,0,0
1787190479406,2,HTTP Request,200,OK,Thread Group 1-10,text,true,,1703,135,1,1,http://localhost:3000/api/citas/completas,2,0,0
1787190479408,1,HTTP Request,200,OK,Thread Group 1-10,text,true,,336,126,1,1,http://localhost:3000/api/health,1,0,0
1787190479409,2,HTTP Request,200,OK,Thread Group 1-10,text,true,,758,134,1,1,http://localhost:3000/api/especialidades,2,0,0
1787190479411,2,HTTP Request,200,OK,Thread Group 1-10,text,true,,1189,127,1,1,http://localhost:3000/api/medicos,2,0,0
1787190479414,5,HTTP Request,200,OK,Thread Group 1-10,text,true,,1074,140,1,1,http://localhost:3000/api/medicos/estadisticas,5,0,0
1787190479419,3,HTTP Request,200,OK,Thread Group 1-10,text,true,,3037,129,1,1,http://localhost:3000/api/pacientes,3,0,0
1787190479422,2,HTTP Request,200,OK,Thread Group 1-10,text,true,,1703,135,1,1,http://localhost:3000/api/citas/completas,2,0,0
1787190479425,1,HTTP Request,200,OK,Thread Group 1-10,text,true,,336,126,1,1,http://localhost:3000/api/health,1,0,0
1787190479426,2,HTTP Request,200,OK,Thread Group 1-10,text,true,,758,134,1,1,http://localhost:3000/api/especialidades,2,0,0
1787190479428,3,HTTP Request,200,OK,Thread Group 1-10,text,true,,1189,127,1,1,http://localhost:3000/api/medicos,3,0,0
1787190479431,7,HTTP Request,200,OK,Thread Group 1-10,text,true,,1074,140,1,1,http://localhost:3000/api/medicos/estadisticas,7,0,0
1787190479438,3,HTTP Request,200,OK,Thread Group 1-10,text,true,,3037,129,1,1,http://localhost:3000/api/pacientes,3,0,0
1787190479441,3,HTTP Request,200,OK,Thread Group 1-10,text,true,,1703,135,1,1,http://localhost:3000/api/citas/completas,3,0,0
1787190479444,1,HTTP Request,200,OK,Thread Group 1-10,text,true,,336,126,1,1,http://localhost:3000/api/health,1,0,0
1787190479446,2,HTTP Request,200,OK,Thread Group 1-10,text,true,,758,134,1,1,http://localhost:3000/api/especialidades,2,0,0
1787190479448,3,HTTP Request,200,OK,Thread Group 1-10,text,true,,1189,127,1,1,http://localhost:3000/api/medicos,3,0,0
1787190479451,5,HTTP Request,200,OK,Thread Group 1-10,text,true,,1074,140,1,1,http://localhost:3000/api/medicos/estadisticas,5,0,0
1787190479456,3,HTTP Request,200,OK,Thread Group 1-10,text,true,,3037,129,1,1,http://localhost:3000/api/pacientes,3,0,0
1787190479459,2,HTTP Request,200,OK,Thread Group 1-10,text,true,,1703,135,1,1,http://localhost:3000/api/citas/completas,2,0,0
1787190479462,1,HTTP Request,200,OK,Thread Group 1-10,text,true,,336,126,1,1,http://localhost:3000/api/health,1,0,0
1787190479463,2,HTTP Request,200,OK,Thread Group 1-10,text,true,,758,134,1,1,http://localhost:3000/api/especialidades,2,0,0
1787190479465,3,HTTP Request,200,OK,Thread Group 1-10,text,true,,1189,127,1,1,http://localhost:3000/api/medicos,3,0,0
1787190479468,5,HTTP Request,200,OK,Thread Group 1-10,text,true,,1074,140,1,1,http://localhost:3000/api/medicos/estadisticas,5,0,0
1787190479473,3,HTTP Request,200,OK,Thread Group 1-10,text,true,,3037,129,1,1,http://localhost:3000/api/pacientes,3,0,0
1787190479476,2,HTTP Request,200,OK,Thread Group 1-10,text,true,,1703,135,1,1,http://localhost:3000/api/citas/completas,2,0,0
1787190479886,3,HTTP Request,200,OK,Thread Group 1-11,text,true,,336,126,1,1,http://localhost:3000/api/health,3,0,1
1787190479889,3,HTTP Request,200,OK,Thread Group 1-11,text,true,,758,134,1,1,http://localhost:3000/api/especialidades,3,0,0
1787190479892,3,HTTP Request,200,OK,Thread Group 1-11,text,true,,1189,127,1,1,http://localhost:3000/api/medicos,3,0,0
1787190479895,6,HTTP Request,200,OK,Thread Group 1-11,text,true,,1074,140,1,1,http://localhost:3000/api/medicos/estadisticas,6,0,0
1787190479901,3,HTTP Request,200,OK,Thread Group 1-11,text,true,,3037,129,1,1,http://localhost:3000/api/pacientes,3,0,0
1787190479904,2,HTTP Request,200,OK,Thread Group 1-11,text,true,,1703,135,1,1,http://localhost:3000/api/citas/completas,2,0,0
1787190479906,1,HTTP Request,200,OK,Thread Group 1-11,text,true,,336,126,1,1,http://localhost:3000/api/health,1,0,0
1787190479908,1,HTTP Request,200,OK,Thread Group 1-11,text,true,,758,134,1,1,http://localhost:3000/api/especialidades,1,0,0
1787190479910,2,HTTP Request,200,OK,Thread Group 1-11,text,true,,1189,127,1,1,http://localhost:3000/api/medicos,1,0,0
1787190479912,4,HTTP Request,200,OK,Thread Group 1-11,text,true,,1074,140,1,1,http://localhost:3000/api/medicos/estadisticas,4,0,0
1787190479917,2,HTTP Request,200,OK,Thread Group 1-11,text,true,,3037,129,1,1,http://localhost:3000/api/pacientes,2,0,0
1787190479919,2,HTTP Request,200,OK,Thread Group 1-11,text,true,,1703,135,1,1,http://localhost:3000/api/citas/completas,2,0,0
1787190479922,1,HTTP Request,200,OK,Thread Group 1-11,text,true,,336,126,1,1,http://localhost:3000/api/health,1,0,0
1787190479923,2,HTTP Request,200,OK,Thread Group 1-11,text,true,,758,134,1,1,http://localhost:3000/api/especialidades,2,0,0
1787190479925,2,HTTP Request,200,OK,Thread Group 1-11,text,true,,1189,127,1,1,http://localhost:3000/api/medicos,2,0,0
1787190479927,4,HTTP Request,200,OK,Thread Group 1-11,text,true,,1074,140,1,1,http://localhost:3000/api/medicos/estadisticas,4,0,0
1787190479932,3,HTTP Request,200,OK,Thread Group 1-11,text,true,,3037,129,1,1,http://localhost:3000/api/pacientes,3,0,0
1787190479935,3,HTTP Request,200,OK,Thread Group 1-11,text,true,,1703,135,1,1,http://localhost:3000/api/citas/completas,3,0,0
1787190479938,1,HTTP Request,200,OK,Thread Group 1-11,text,true,,336,126,1,1,http://localhost:3000/api/health,1,0,0
1787190479940,2,HTTP Request,200,OK,Thread Group 1-11,text,true,,758,134,1,1,http://localhost:3000/api/especialidades,2,0,0
1787190479942,2,HTTP Request,200,OK,Thread Group 1-11,text,true,,1189,127,1,1,http://localhost:3000/api/medicos,2,0,0
1787190479944,7,HTTP Request,200,OK,Thread Group 1-11,text,true,,1074,140,1,1,http://localhost:3000/api/medicos/estadisticas,7,0,0
1787190479951,3,HTTP Request,200,OK,Thread Group 1-11,text,true,,3037,129,1,1,http://localhost:3000/api/pacientes,3,0,0
1787190479954,3,HTTP Request,200,OK,Thread Group 1-11,text,true,,1703,135,1,1,http://localhost:3000/api/citas/completas,3,0,0
1787190479957,1,HTTP Request,200,OK,Thread Group 1-11,text,true,,336,126,1,1,http://localhost:3000/api/health,1,0,0
1787190479958,2,HTTP Request,200,OK,Thread Group 1-11,text,true,,758,134,1,1,http://localhost:3000/api/especialidades,2,0,0
1787190479960,2,HTTP Request,200,OK,Thread Group 1-11,text,true,,1189,127,1,1,http://localhost:3000/api/medicos,2,0,0
1787190479962,6,HTTP Request,200,OK,Thread Group 1-11,text,true,,1074,140,1,1,http://localhost:3000/api/medicos/estadisticas,6,0,0
1787190479968,2,HTTP Request,200,OK,Thread Group 1-11,text,true,,3037,129,1,1,http://localhost:3000/api/pacientes,2,0,0
1787190479970,3,HTTP Request,200,OK,Thread Group 1-11,text,true,,1703,135,1,1,http://localhost:3000/api/citas/completas,3,0,0
1787190480386,3,HTTP Request,200,OK,Thread Group 1-12,text,true,,336,126,1,1,http://localhost:3000/api/health,3,0,1
1787190480389,3,HTTP Request,200,OK,Thread Group 1-12,text,true,,758,134,1,1,http://localhost:3000/api/especialidades,3,0,0
1787190480392,3,HTTP Request,200,OK,Thread Group 1-12,text,true,,1189,127,1,1,http://localhost:3000/api/medicos,3,0,0
1787190480395,6,HTTP Request,200,OK,Thread Group 1-12,text,true,,1074,140,1,1,http://localhost:3000/api/medicos/estadisticas,6,0,0
1787190480401,3,HTTP Request,200,OK,Thread Group 1-12,text,true,,3037,129,1,1,http://localhost:3000/api/pacientes,3,0,0
1787190480405,2,HTTP Request,200,OK,Thread Group 1-12,text,true,,1703,135,1,1,http://localhost:3000/api/citas/completas,2,0,0
1787190480407,2,HTTP Request,200,OK,Thread Group 1-12,text,true,,336,126,1,1,http://localhost:3000/api/health,2,0,0
1787190480409,2,HTTP Request,200,OK,Thread Group 1-12,text,true,,758,134,1,1,http://localhost:3000/api/especialidades,2,0,0
1787190480411,2,HTTP Request,200,OK,Thread Group 1-12,text,true,,1189,127,1,1,http://localhost:3000/api/medicos,2,0,0
1787190480413,7,HTTP Request,200,OK,Thread Group 1-12,text,true,,1074,140,1,1,http://localhost:3000/api/medicos/estadisticas,7,0,0
1787190480420,2,HTTP Request,200,OK,Thread Group 1-12,text,true,,3037,129,1,1,http://localhost:3000/api/pacientes,2,0,0
1787190480423,2,HTTP Request,200,OK,Thread Group 1-12,text,true,,1703,135,1,1,http://localhost:3000/api/citas/completas,2,0,0
1787190480425,1,HTTP Request,200,OK,Thread Group 1-12,text,true,,336,126,1,1,http://localhost:3000/api/health,1,0,0
1787190480427,2,HTTP Request,200,OK,Thread Group 1-12,text,true,,758,134,1,1,http://localhost:3000/api/especialidades,2,0,0
1787190480429,2,HTTP Request,200,OK,Thread Group 1-12,text,true,,1189,127,1,1,http://localhost:3000/api/medicos,2,0,0
1787190480431,6,HTTP Request,200,OK,Thread Group 1-12,text,true,,1074,140,1,1,http://localhost:3000/api/medicos/estadisticas,6,0,0
1787190480437,2,HTTP Request,200,OK,Thread Group 1-12,text,true,,3037,129,1,1,http://localhost:3000/api/pacientes,2,0,0
1787190480439,2,HTTP Request,200,OK,Thread Group 1-12,text,true,,1703,135,1,1,http://localhost:3000/api/citas/completas,2,0,0
1787190480442,0,HTTP Request,200,OK,Thread Group 1-12,text,true,,336,126,1,1,http://localhost:3000/api/health,0,0,0
1787190480443,1,HTTP Request,200,OK,Thread Group 1-12,text,true,,758,134,1,1,http://localhost:3000/api/especialidades,1,0,0
1787190480445,2,HTTP Request,200,OK,Thread Group 1-12,text,true,,1189,127,1,1,http://localhost:3000/api/medicos,2,0,0
1787190480447,5,HTTP Request,200,OK,Thread Group 1-12,text,true,,1074,140,1,1,http://localhost:3000/api/medicos/estadisticas,5,0,0
1787190480452,3,HTTP Request,200,OK,Thread Group 1-12,text,true,,3037,129,1,1,http://localhost:3000/api/pacientes,3,0,0
1787190480455,2,HTTP Request,200,OK,Thread Group 1-12,text,true,,1703,135,1,1,http://localhost:3000/api/citas/completas,2,0,0
1787190480457,1,HTTP Request,200,OK,Thread Group 1-12,text,true,,336,126,1,1,http://localhost:3000/api/health,1,0,0
1787190480458,2,HTTP Request,200,OK,Thread Group 1-12,text,true,,758,134,1,1,http://localhost:3000/api/especialidades,2,0,0
1787190480460,2,HTTP Request,200,OK,Thread Group 1-12,text,true,,1189,127,1,1,http://localhost:3000/api/medicos,2,0,0
1787190480463,5,HTTP Request,200,OK,Thread Group 1-12,text,true,,1074,140,1,1,http://localhost:3000/api/medicos/estadisticas,5,0,0
1787190480468,2,HTTP Request,200,OK,Thread Group 1-12,text,true,,3037,129,1,1,http://localhost:3000/api/pacientes,2,0,0
1787190480471,2,HTTP Request,200,OK,Thread Group 1-12,text,true,,1703,135,1,1,http://localhost:3000/api/citas/completas,2,0,0
1787190480886,3,HTTP Request,200,OK,Thread Group 1-13,text,true,,336,126,1,1,http://localhost:3000/api/health,3,0,2
1787190480889,3,HTTP Request,200,OK,Thread Group 1-13,text,true,,758,134,1,1,http://localhost:3000/api/especialidades,3,0,0
1787190480892,3,HTTP Request,200,OK,Thread Group 1-13,text,true,,1189,127,1,1,http://localhost:3000/api/medicos,3,0,0
1787190480895,6,HTTP Request,200,OK,Thread Group 1-13,text,true,,1074,140,1,1,http://localhost:3000/api/medicos/estadisticas,6,0,0
1787190480902,2,HTTP Request,200,OK,Thread Group 1-13,text,true,,3037,129,1,1,http://localhost:3000/api/pacientes,2,0,0
1787190480905,2,HTTP Request,200,OK,Thread Group 1-13,text,true,,1703,135,1,1,http://localhost:3000/api/citas/completas,2,0,0
1787190480907,1,HTTP Request,200,OK,Thread Group 1-13,text,true,,336,126,1,1,http://localhost:3000/api/health,1,0,0
1787190480909,2,HTTP Request,200,OK,Thread Group 1-13,text,true,,758,134,1,1,http://localhost:3000/api/especialidades,2,0,0
1787190480911,2,HTTP Request,200,OK,Thread Group 1-13,text,true,,1189,127,1,1,http://localhost:3000/api/medicos,2,0,0
1787190480914,5,HTTP Request,200,OK,Thread Group 1-13,text,true,,1074,140,1,1,http://localhost:3000/api/medicos/estadisticas,5,0,0
1787190480920,2,HTTP Request,200,OK,Thread Group 1-13,text,true,,3037,129,1,1,http://localhost:3000/api/pacientes,2,0,0
1787190480922,3,HTTP Request,200,OK,Thread Group 1-13,text,true,,1703,135,1,1,http://localhost:3000/api/citas/completas,3,0,0
1787190480925,1,HTTP Request,200,OK,Thread Group 1-13,text,true,,336,126,1,1,http://localhost:3000/api/health,1,0,0
1787190480927,2,HTTP Request,200,OK,Thread Group 1-13,text,true,,758,134,1,1,http://localhost:3000/api/especialidades,2,0,0
1787190480930,2,HTTP Request,200,OK,Thread Group 1-13,text,true,,1189,127,1,1,http://localhost:3000/api/medicos,2,0,0
1787190480932,5,HTTP Request,200,OK,Thread Group 1-13,text,true,,1074,140,1,1,http://localhost:3000/api/medicos/estadisticas,5,0,0
1787190480938,2,HTTP Request,200,OK,Thread Group 1-13,text,true,,3037,129,1,1,http://localhost:3000/api/pacientes,2,0,0
1787190480940,2,HTTP Request,200,OK,Thread Group 1-13,text,true,,1703,135,1,1,http://localhost:3000/api/citas/completas,2,0,0
1787190480942,1,HTTP Request,200,OK,Thread Group 1-13,text,true,,336,126,1,1,http://localhost:3000/api/health,1,0,0
1787190480943,2,HTTP Request,200,OK,Thread Group 1-13,text,true,,758,134,1,1,http://localhost:3000/api/especialidades,2,0,0
1787190480946,2,HTTP Request,200,OK,Thread Group 1-13,text,true,,1189,127,1,1,http://localhost:3000/api/medicos,2,0,0
1787190480948,5,HTTP Request,200,OK,Thread Group 1-13,text,true,,1074,140,1,1,http://localhost:3000/api/medicos/estadisticas,5,0,0
1787190480954,2,HTTP Request,200,OK,Thread Group 1-13,text,true,,3037,129,1,1,http://localhost:3000/api/pacientes,2,0,0
1787190480956,2,HTTP Request,200,OK,Thread Group 1-13,text,true,,1703,135,1,1,http://localhost:3000/api/citas/completas,2,0,0
1787190480959,1,HTTP Request,200,OK,Thread Group 1-13,text,true,,336,126,1,1,http://localhost:3000/api/health,1,0,0
1787190480960,2,HTTP Request,200,OK,Thread Group 1-13,text,true,,758,134,1,1,http://localhost:3000/api/especialidades,2,0,0
1787190480962,3,HTTP Request,200,OK,Thread Group 1-13,text,true,,1189,127,1,1,http://localhost:3000/api/medicos,3,0,0
1787190480965,5,HTTP Request,200,OK,Thread Group 1-13,text,true,,1074,140,1,1,http://localhost:3000/api/medicos/estadisticas,5,0,0
1787190480971,2,HTTP Request,200,OK,Thread Group 1-13,text,true,,3037,129,1,1,http://localhost:3000/api/pacientes,2,0,0
1787190480973,2,HTTP Request,200,OK,Thread Group 1-13,text,true,,1703,135,1,1,http://localhost:3000/api/citas/completas,2,0,0
1787190481386,3,HTTP Request,200,OK,Thread Group 1-14,text,true,,336,126,1,1,http://localhost:3000/api/health,3,0,2
1787190481390,3,HTTP Request,200,OK,Thread Group 1-14,text,true,,758,134,1,1,http://localhost:3000/api/especialidades,3,0,0
1787190481393,3,HTTP Request,200,OK,Thread Group 1-14,text,true,,1189,127,1,1,http://localhost:3000/api/medicos,3,0,0
1787190481396,5,HTTP Request,200,OK,Thread Group 1-14,text,true,,1074,140,1,1,http://localhost:3000/api/medicos/estadisticas,5,0,0
1787190481401,3,HTTP Request,200,OK,Thread Group 1-14,text,true,,3037,129,1,1,http://localhost:3000/api/pacientes,3,0,0
1787190481404,2,HTTP Request,200,OK,Thread Group 1-14,text,true,,1703,135,1,1,http://localhost:3000/api/citas/completas,2,0,0
1787190481407,1,HTTP Request,200,OK,Thread Group 1-14,text,true,,336,126,1,1,http://localhost:3000/api/health,1,0,0
1787190481408,2,HTTP Request,200,OK,Thread Group 1-14,text,true,,758,134,1,1,http://localhost:3000/api/especialidades,2,0,0
1787190481410,2,HTTP Request,200,OK,Thread Group 1-14,text,true,,1189,127,1,1,http://localhost:3000/api/medicos,2,0,0
1787190481412,5,HTTP Request,200,OK,Thread Group 1-14,text,true,,1074,140,1,1,http://localhost:3000/api/medicos/estadisticas,5,0,0
1787190481417,2,HTTP Request,200,OK,Thread Group 1-14,text,true,,3037,129,1,1,http://localhost:3000/api/pacientes,2,0,0
1787190481419,3,HTTP Request,200,OK,Thread Group 1-14,text,true,,1703,135,1,1,http://localhost:3000/api/citas/completas,2,0,0
1787190481422,1,HTTP Request,200,OK,Thread Group 1-14,text,true,,336,126,1,1,http://localhost:3000/api/health,0,0,0
1787190481423,2,HTTP Request,200,OK,Thread Group 1-14,text,true,,758,134,1,1,http://localhost:3000/api/especialidades,2,0,0
1787190481425,2,HTTP Request,200,OK,Thread Group 1-14,text,true,,1189,127,1,1,http://localhost:3000/api/medicos,2,0,0
1787190481427,5,HTTP Request,200,OK,Thread Group 1-14,text,true,,1074,140,1,1,http://localhost:3000/api/medicos/estadisticas,5,0,0
1787190481432,3,HTTP Request,200,OK,Thread Group 1-14,text,true,,3037,129,1,1,http://localhost:3000/api/pacientes,3,0,0
1787190481435,3,HTTP Request,200,OK,Thread Group 1-14,text,true,,1703,135,1,1,http://localhost:3000/api/citas/completas,3,0,0
1787190481438,1,HTTP Request,200,OK,Thread Group 1-14,text,true,,336,126,1,1,http://localhost:3000/api/health,1,0,0
1787190481439,2,HTTP Request,200,OK,Thread Group 1-14,text,true,,758,134,1,1,http://localhost:3000/api/especialidades,2,0,0
1787190481441,2,HTTP Request,200,OK,Thread Group 1-14,text,true,,1189,127,1,1,http://localhost:3000/api/medicos,2,0,0
1787190481444,4,HTTP Request,200,OK,Thread Group 1-14,text,true,,1074,140,1,1,http://localhost:3000/api/medicos/estadisticas,4,0,0
1787190481448,3,HTTP Request,200,OK,Thread Group 1-14,text,true,,3037,129,1,1,http://localhost:3000/api/pacientes,3,0,0
1787190481451,2,HTTP Request,200,OK,Thread Group 1-14,text,true,,1703,135,1,1,http://localhost:3000/api/citas/completas,2,0,0
1787190481454,0,HTTP Request,200,OK,Thread Group 1-14,text,true,,336,126,1,1,http://localhost:3000/api/health,0,0,0
1787190481455,1,HTTP Request,200,OK,Thread Group 1-14,text,true,,758,134,1,1,http://localhost:3000/api/especialidades,1,0,0
1787190481457,2,HTTP Request,200,OK,Thread Group 1-14,text,true,,1189,127,1,1,http://localhost:3000/api/medicos,2,0,0
1787190481459,4,HTTP Request,200,OK,Thread Group 1-14,text,true,,1074,140,1,1,http://localhost:3000/api/medicos/estadisticas,4,0,0
1787190481464,2,HTTP Request,200,OK,Thread Group 1-14,text,true,,3037,129,1,1,http://localhost:3000/api/pacientes,2,0,0
1787190481466,3,HTTP Request,200,OK,Thread Group 1-14,text,true,,1703,135,1,1,http://localhost:3000/api/citas/completas,3,0,0
1787190481886,2,HTTP Request,200,OK,Thread Group 1-15,text,true,,336,126,1,1,http://localhost:3000/api/health,2,0,1
1787190481889,2,HTTP Request,200,OK,Thread Group 1-15,text,true,,758,134,1,1,http://localhost:3000/api/especialidades,2,0,0
1787190481892,2,HTTP Request,200,OK,Thread Group 1-15,text,true,,1189,127,1,1,http://localhost:3000/api/medicos,2,0,0
1787190481894,5,HTTP Request,200,OK,Thread Group 1-15,text,true,,1074,140,1,1,http://localhost:3000/api/medicos/estadisticas,5,0,0
1787190481899,2,HTTP Request,200,OK,Thread Group 1-15,text,true,,3037,129,1,1,http://localhost:3000/api/pacientes,2,0,0
1787190481902,2,HTTP Request,200,OK,Thread Group 1-15,text,true,,1703,135,1,1,http://localhost:3000/api/citas/completas,2,0,0
1787190481904,1,HTTP Request,200,OK,Thread Group 1-15,text,true,,336,126,1,1,http://localhost:3000/api/health,1,0,0
1787190481905,2,HTTP Request,200,OK,Thread Group 1-15,text,true,,758,134,1,1,http://localhost:3000/api/especialidades,2,0,0
1787190481907,2,HTTP Request,200,OK,Thread Group 1-15,text,true,,1189,127,1,1,http://localhost:3000/api/medicos,2,0,0
1787190481909,4,HTTP Request,200,OK,Thread Group 1-15,text,true,,1074,140,1,1,http://localhost:3000/api/medicos/estadisticas,4,0,0
1787190481914,2,HTTP Request,200,OK,Thread Group 1-15,text,true,,3037,129,1,1,http://localhost:3000/api/pacientes,2,0,0
1787190481916,3,HTTP Request,200,OK,Thread Group 1-15,text,true,,1703,135,1,1,http://localhost:3000/api/citas/completas,3,0,0
1787190481919,1,HTTP Request,200,OK,Thread Group 1-15,text,true,,336,126,1,1,http://localhost:3000/api/health,1,0,0
1787190481920,2,HTTP Request,200,OK,Thread Group 1-15,text,true,,758,134,1,1,http://localhost:3000/api/especialidades,2,0,0
1787190481923,15,HTTP Request,200,OK,Thread Group 1-15,text,true,,1189,127,1,1,http://localhost:3000/api/medicos,15,0,0
1787190481938,25,HTTP Request,200,OK,Thread Group 1-15,text,true,,1074,140,1,1,http://localhost:3000/api/medicos/estadisticas,25,0,0
1787190481963,34,HTTP Request,200,OK,Thread Group 1-15,text,true,,3037,129,1,1,http://localhost:3000/api/pacientes,34,0,0
1787190481998,3,HTTP Request,200,OK,Thread Group 1-15,text,true,,1703,135,1,1,http://localhost:3000/api/citas/completas,3,0,0
1787190482001,1,HTTP Request,200,OK,Thread Group 1-15,text,true,,336,126,1,1,http://localhost:3000/api/health,1,0,0
1787190482002,2,HTTP Request,200,OK,Thread Group 1-15,text,true,,758,134,1,1,http://localhost:3000/api/especialidades,2,0,0
1787190482005,2,HTTP Request,200,OK,Thread Group 1-15,text,true,,1189,127,1,1,http://localhost:3000/api/medicos,2,0,0
1787190482007,5,HTTP Request,200,OK,Thread Group 1-15,text,true,,1074,140,1,1,http://localhost:3000/api/medicos/estadisticas,5,0,0
1787190482012,8,HTTP Request,200,OK,Thread Group 1-15,text,true,,3037,129,1,1,http://localhost:3000/api/pacientes,8,0,0
1787190482021,3,HTTP Request,200,OK,Thread Group 1-15,text,true,,1703,135,1,1,http://localhost:3000/api/citas/completas,3,0,0
1787190482025,1,HTTP Request,200,OK,Thread Group 1-15,text,true,,336,126,1,1,http://localhost:3000/api/health,1,0,0
1787190482027,2,HTTP Request,200,OK,Thread Group 1-15,text,true,,758,134,1,1,http://localhost:3000/api/especialidades,2,0,0
1787190482029,2,HTTP Request,200,OK,Thread Group 1-15,text,true,,1189,127,1,1,http://localhost:3000/api/medicos,2,0,0
1787190482031,5,HTTP Request,200,OK,Thread Group 1-15,text,true,,1074,140,1,1,http://localhost:3000/api/medicos/estadisticas,5,0,0
1787190482036,2,HTTP Request,200,OK,Thread Group 1-15,text,true,,3037,129,1,1,http://localhost:3000/api/pacientes,2,0,0
1787190482039,2,HTTP Request,200,OK,Thread Group 1-15,text,true,,1703,135,1,1,http://localhost:3000/api/citas/completas,2,0,0
1787190482385,4,HTTP Request,200,OK,Thread Group 1-16,text,true,,336,126,1,1,http://localhost:3000/api/health,4,0,2
1787190482389,3,HTTP Request,200,OK,Thread Group 1-16,text,true,,758,134,1,1,http://localhost:3000/api/especialidades,3,0,0
1787190482392,3,HTTP Request,200,OK,Thread Group 1-16,text,true,,1189,127,1,1,http://localhost:3000/api/medicos,3,0,0
1787190482395,6,HTTP Request,200,OK,Thread Group 1-16,text,true,,1074,140,1,1,http://localhost:3000/api/medicos/estadisticas,6,0,0
1787190482401,3,HTTP Request,200,OK,Thread Group 1-16,text,true,,3037,129,1,1,http://localhost:3000/api/pacientes,3,0,0
1787190482404,2,HTTP Request,200,OK,Thread Group 1-16,text,true,,1703,135,1,1,http://localhost:3000/api/citas/completas,2,0,0
1787190482406,1,HTTP Request,200,OK,Thread Group 1-16,text,true,,336,126,1,1,http://localhost:3000/api/health,1,0,0
1787190482407,2,HTTP Request,200,OK,Thread Group 1-16,text,true,,758,134,1,1,http://localhost:3000/api/especialidades,2,0,0
1787190482409,2,HTTP Request,200,OK,Thread Group 1-16,text,true,,1189,127,1,1,http://localhost:3000/api/medicos,2,0,0
1787190482411,5,HTTP Request,200,OK,Thread Group 1-16,text,true,,1074,140,1,1,http://localhost:3000/api/medicos/estadisticas,5,0,0
1787190482417,2,HTTP Request,200,OK,Thread Group 1-16,text,true,,3037,129,1,1,http://localhost:3000/api/pacientes,2,0,0
1787190482419,2,HTTP Request,200,OK,Thread Group 1-16,text,true,,1703,135,1,1,http://localhost:3000/api/citas/completas,2,0,0
1787190482421,1,HTTP Request,200,OK,Thread Group 1-16,text,true,,336,126,1,1,http://localhost:3000/api/health,1,0,0
1787190482422,2,HTTP Request,200,OK,Thread Group 1-16,text,true,,758,134,1,1,http://localhost:3000/api/especialidades,2,0,0
1787190482425,2,HTTP Request,200,OK,Thread Group 1-16,text,true,,1189,127,1,1,http://localhost:3000/api/medicos,2,0,0
1787190482427,5,HTTP Request,200,OK,Thread Group 1-16,text,true,,1074,140,1,1,http://localhost:3000/api/medicos/estadisticas,5,0,0
1787190482433,2,HTTP Request,200,OK,Thread Group 1-16,text,true,,3037,129,1,1,http://localhost:3000/api/pacientes,2,0,0
1787190482436,2,HTTP Request,200,OK,Thread Group 1-16,text,true,,1703,135,1,1,http://localhost:3000/api/citas/completas,2,0,0
1787190482438,1,HTTP Request,200,OK,Thread Group 1-16,text,true,,336,126,1,1,http://localhost:3000/api/health,1,0,0
1787190482439,2,HTTP Request,200,OK,Thread Group 1-16,text,true,,758,134,1,1,http://localhost:3000/api/especialidades,2,0,0
1787190482441,2,HTTP Request,200,OK,Thread Group 1-16,text,true,,1189,127,1,1,http://localhost:3000/api/medicos,2,0,0
1787190482443,4,HTTP Request,200,OK,Thread Group 1-16,text,true,,1074,140,1,1,http://localhost:3000/api/medicos/estadisticas,4,0,0
1787190482447,4,HTTP Request,200,OK,Thread Group 1-16,text,true,,3037,129,1,1,http://localhost:3000/api/pacientes,4,0,0
1787190482451,2,HTTP Request,200,OK,Thread Group 1-16,text,true,,1703,135,1,1,http://localhost:3000/api/citas/completas,2,0,0
1787190482453,1,HTTP Request,200,OK,Thread Group 1-16,text,true,,336,126,1,1,http://localhost:3000/api/health,1,0,0
1787190482454,1,HTTP Request,200,OK,Thread Group 1-16,text,true,,758,134,1,1,http://localhost:3000/api/especialidades,1,0,0
1787190482456,2,HTTP Request,200,OK,Thread Group 1-16,text,true,,1189,127,1,1,http://localhost:3000/api/medicos,2,0,0
1787190482458,4,HTTP Request,200,OK,Thread Group 1-16,text,true,,1074,140,1,1,http://localhost:3000/api/medicos/estadisticas,4,0,0
1787190482462,3,HTTP Request,200,OK,Thread Group 1-16,text,true,,3037,129,1,1,http://localhost:3000/api/pacientes,3,0,0
1787190482465,3,HTTP Request,200,OK,Thread Group 1-16,text,true,,1703,135,1,1,http://localhost:3000/api/citas/completas,3,0,0
1787190482910,2,HTTP Request,200,OK,Thread Group 1-17,text,true,,336,126,1,1,http://localhost:3000/api/health,2,0,1
1787190482913,3,HTTP Request,200,OK,Thread Group 1-17,text,true,,758,134,1,1,http://localhost:3000/api/especialidades,3,0,0
1787190482916,2,HTTP Request,200,OK,Thread Group 1-17,text,true,,1189,127,1,1,http://localhost:3000/api/medicos,2,0,0
1787190482918,6,HTTP Request,200,OK,Thread Group 1-17,text,true,,1074,140,1,1,http://localhost:3000/api/medicos/estadisticas,6,0,0
1787190482924,2,HTTP Request,200,OK,Thread Group 1-17,text,true,,3037,129,1,1,http://localhost:3000/api/pacientes,2,0,0
1787190482927,2,HTTP Request,200,OK,Thread Group 1-17,text,true,,1703,135,1,1,http://localhost:3000/api/citas/completas,2,0,0
1787190482929,2,HTTP Request,200,OK,Thread Group 1-17,text,true,,336,126,1,1,http://localhost:3000/api/health,2,0,0
1787190482931,2,HTTP Request,200,OK,Thread Group 1-17,text,true,,758,134,1,1,http://localhost:3000/api/especialidades,2,0,0
1787190482933,2,HTTP Request,200,OK,Thread Group 1-17,text,true,,1189,127,1,1,http://localhost:3000/api/medicos,2,0,0
1787190482935,4,HTTP Request,200,OK,Thread Group 1-17,text,true,,1074,140,1,1,http://localhost:3000/api/medicos/estadisticas,4,0,0
1787190482940,2,HTTP Request,200,OK,Thread Group 1-17,text,true,,3037,129,1,1,http://localhost:3000/api/pacientes,2,0,0
1787190482942,2,HTTP Request,200,OK,Thread Group 1-17,text,true,,1703,135,1,1,http://localhost:3000/api/citas/completas,2,0,0
1787190482944,1,HTTP Request,200,OK,Thread Group 1-17,text,true,,336,126,1,1,http://localhost:3000/api/health,1,0,0
1787190482945,2,HTTP Request,200,OK,Thread Group 1-17,text,true,,758,134,1,1,http://localhost:3000/api/especialidades,2,0,0
1787190482947,3,HTTP Request,200,OK,Thread Group 1-17,text,true,,1189,127,1,1,http://localhost:3000/api/medicos,3,0,0
1787190482950,4,HTTP Request,200,OK,Thread Group 1-17,text,true,,1074,140,1,1,http://localhost:3000/api/medicos/estadisticas,4,0,0
1787190482954,3,HTTP Request,200,OK,Thread Group 1-17,text,true,,3037,129,1,1,http://localhost:3000/api/pacientes,3,0,0
1787190482957,2,HTTP Request,200,OK,Thread Group 1-17,text,true,,1703,135,1,1,http://localhost:3000/api/citas/completas,2,0,0
1787190482959,1,HTTP Request,200,OK,Thread Group 1-17,text,true,,336,126,1,1,http://localhost:3000/api/health,1,0,0
1787190482960,2,HTTP Request,200,OK,Thread Group 1-17,text,true,,758,134,1,1,http://localhost:3000/api/especialidades,2,0,0
1787190482962,2,HTTP Request,200,OK,Thread Group 1-17,text,true,,1189,127,1,1,http://localhost:3000/api/medicos,2,0,0
1787190482965,4,HTTP Request,200,OK,Thread Group 1-17,text,true,,1074,140,1,1,http://localhost:3000/api/medicos/estadisticas,4,0,0
1787190482969,3,HTTP Request,200,OK,Thread Group 1-17,text,true,,3037,129,1,1,http://localhost:3000/api/pacientes,3,0,0
1787190482972,2,HTTP Request,200,OK,Thread Group 1-17,text,true,,1703,135,1,1,http://localhost:3000/api/citas/completas,2,0,0
1787190482974,1,HTTP Request,200,OK,Thread Group 1-17,text,true,,336,126,1,1,http://localhost:3000/api/health,1,0,0
1787190482975,2,HTTP Request,200,OK,Thread Group 1-17,text,true,,758,134,1,1,http://localhost:3000/api/especialidades,2,0,0
1787190482977,2,HTTP Request,200,OK,Thread Group 1-17,text,true,,1189,127,1,1,http://localhost:3000/api/medicos,2,0,0
1787190482980,5,HTTP Request,200,OK,Thread Group 1-17,text,true,,1074,140,1,1,http://localhost:3000/api/medicos/estadisticas,5,0,0
1787190482985,3,HTTP Request,200,OK,Thread Group 1-17,text,true,,3037,129,1,1,http://localhost:3000/api/pacientes,3,0,0
1787190482988,3,HTTP Request,200,OK,Thread Group 1-17,text,true,,1703,135,1,1,http://localhost:3000/api/citas/completas,3,0,0
1787190483402,3,HTTP Request,200,OK,Thread Group 1-18,text,true,,336,126,1,1,http://localhost:3000/api/health,3,0,1
1787190483405,4,HTTP Request,200,OK,Thread Group 1-18,text,true,,758,134,1,1,http://localhost:3000/api/especialidades,4,0,0
1787190483409,2,HTTP Request,200,OK,Thread Group 1-18,text,true,,1189,127,1,1,http://localhost:3000/api/medicos,2,0,0
1787190483411,5,HTTP Request,200,OK,Thread Group 1-18,text,true,,1074,140,1,1,http://localhost:3000/api/medicos/estadisticas,5,0,0
1787190483416,3,HTTP Request,200,OK,Thread Group 1-18,text,true,,3037,129,1,1,http://localhost:3000/api/pacientes,3,0,0
1787190483419,2,HTTP Request,200,OK,Thread Group 1-18,text,true,,1703,135,1,1,http://localhost:3000/api/citas/completas,2,0,0
1787190483421,1,HTTP Request,200,OK,Thread Group 1-18,text,true,,336,126,1,1,http://localhost:3000/api/health,1,0,0
1787190483422,2,HTTP Request,200,OK,Thread Group 1-18,text,true,,758,134,1,1,http://localhost:3000/api/especialidades,2,0,0
1787190483424,2,HTTP Request,200,OK,Thread Group 1-18,text,true,,1189,127,1,1,http://localhost:3000/api/medicos,2,0,0
1787190483426,5,HTTP Request,200,OK,Thread Group 1-18,text,true,,1074,140,1,1,http://localhost:3000/api/medicos/estadisticas,4,0,0
1787190483431,3,HTTP Request,200,OK,Thread Group 1-18,text,true,,3037,129,1,1,http://localhost:3000/api/pacientes,3,0,0
1787190483434,2,HTTP Request,200,OK,Thread Group 1-18,text,true,,1703,135,1,1,http://localhost:3000/api/citas/completas,2,0,0
1787190483436,1,HTTP Request,200,OK,Thread Group 1-18,text,true,,336,126,1,1,http://localhost:3000/api/health,1,0,0
1787190483437,2,HTTP Request,200,OK,Thread Group 1-18,text,true,,758,134,1,1,http://localhost:3000/api/especialidades,2,0,0
1787190483439,2,HTTP Request,200,OK,Thread Group 1-18,text,true,,1189,127,1,1,http://localhost:3000/api/medicos,2,0,0
1787190483442,4,HTTP Request,200,OK,Thread Group 1-18,text,true,,1074,140,1,1,http://localhost:3000/api/medicos/estadisticas,4,0,0
1787190483446,3,HTTP Request,200,OK,Thread Group 1-18,text,true,,3037,129,1,1,http://localhost:3000/api/pacientes,3,0,0
1787190483449,3,HTTP Request,200,OK,Thread Group 1-18,text,true,,1703,135,1,1,http://localhost:3000/api/citas/completas,3,0,0
1787190483452,1,HTTP Request,200,OK,Thread Group 1-18,text,true,,336,126,1,1,http://localhost:3000/api/health,1,0,0
1787190483453,2,HTTP Request,200,OK,Thread Group 1-18,text,true,,758,134,1,1,http://localhost:3000/api/especialidades,2,0,0
1787190483455,2,HTTP Request,200,OK,Thread Group 1-18,text,true,,1189,127,1,1,http://localhost:3000/api/medicos,2,0,0
1787190483457,5,HTTP Request,200,OK,Thread Group 1-18,text,true,,1074,140,1,1,http://localhost:3000/api/medicos/estadisticas,5,0,0
1787190483462,3,HTTP Request,200,OK,Thread Group 1-18,text,true,,3037,129,1,1,http://localhost:3000/api/pacientes,3,0,0
1787190483465,3,HTTP Request,200,OK,Thread Group 1-18,text,true,,1703,135,1,1,http://localhost:3000/api/citas/completas,3,0,0
1787190483468,1,HTTP Request,200,OK,Thread Group 1-18,text,true,,336,126,1,1,http://localhost:3000/api/health,1,0,0
1787190483470,1,HTTP Request,200,OK,Thread Group 1-18,text,true,,758,134,1,1,http://localhost:3000/api/especialidades,1,0,0
1787190483472,2,HTTP Request,200,OK,Thread Group 1-18,text,true,,1189,127,1,1,http://localhost:3000/api/medicos,2,0,0
1787190483474,4,HTTP Request,200,OK,Thread Group 1-18,text,true,,1074,140,1,1,http://localhost:3000/api/medicos/estadisticas,4,0,0
1787190483479,2,HTTP Request,200,OK,Thread Group 1-18,text,true,,3037,129,1,1,http://localhost:3000/api/pacientes,2,0,0
1787190483482,3,HTTP Request,200,OK,Thread Group 1-18,text,true,,1703,135,1,1,http://localhost:3000/api/citas/completas,3,0,0
1787190483901,3,HTTP Request,200,OK,Thread Group 1-19,text,true,,336,126,1,1,http://localhost:3000/api/health,3,0,1
1787190483904,3,HTTP Request,200,OK,Thread Group 1-19,text,true,,758,134,1,1,http://localhost:3000/api/especialidades,3,0,0
1787190483907,3,HTTP Request,200,OK,Thread Group 1-19,text,true,,1189,127,1,1,http://localhost:3000/api/medicos,3,0,0
1787190483910,6,HTTP Request,200,OK,Thread Group 1-19,text,true,,1074,140,1,1,http://localhost:3000/api/medicos/estadisticas,6,0,0
1787190483916,3,HTTP Request,200,OK,Thread Group 1-19,text,true,,3037,129,1,1,http://localhost:3000/api/pacientes,3,0,0
1787190483919,2,HTTP Request,200,OK,Thread Group 1-19,text,true,,1703,135,1,1,http://localhost:3000/api/citas/completas,2,0,0
1787190483921,1,HTTP Request,200,OK,Thread Group 1-19,text,true,,336,126,1,1,http://localhost:3000/api/health,1,0,0
1787190483922,2,HTTP Request,200,OK,Thread Group 1-19,text,true,,758,134,1,1,http://localhost:3000/api/especialidades,2,0,0
1787190483924,2,HTTP Request,200,OK,Thread Group 1-19,text,true,,1189,127,1,1,http://localhost:3000/api/medicos,2,0,0
1787190483926,4,HTTP Request,200,OK,Thread Group 1-19,text,true,,1074,140,1,1,http://localhost:3000/api/medicos/estadisticas,4,0,0
1787190483931,2,HTTP Request,200,OK,Thread Group 1-19,text,true,,3037,129,1,1,http://localhost:3000/api/pacientes,2,0,0
1787190483934,2,HTTP Request,200,OK,Thread Group 1-19,text,true,,1703,135,1,1,http://localhost:3000/api/citas/completas,2,0,0
1787190483936,1,HTTP Request,200,OK,Thread Group 1-19,text,true,,336,126,1,1,http://localhost:3000/api/health,1,0,0
1787190483937,2,HTTP Request,200,OK,Thread Group 1-19,text,true,,758,134,1,1,http://localhost:3000/api/especialidades,2,0,0
1787190483939,2,HTTP Request,200,OK,Thread Group 1-19,text,true,,1189,127,1,1,http://localhost:3000/api/medicos,2,0,0
1787190483941,4,HTTP Request,200,OK,Thread Group 1-19,text,true,,1074,140,1,1,http://localhost:3000/api/medicos/estadisticas,4,0,0
1787190483946,2,HTTP Request,200,OK,Thread Group 1-19,text,true,,3037,129,1,1,http://localhost:3000/api/pacientes,2,0,0
1787190483949,2,HTTP Request,200,OK,Thread Group 1-19,text,true,,1703,135,1,1,http://localhost:3000/api/citas/completas,2,0,0
1787190483952,0,HTTP Request,200,OK,Thread Group 1-19,text,true,,336,126,1,1,http://localhost:3000/api/health,0,0,0
1787190483953,1,HTTP Request,200,OK,Thread Group 1-19,text,true,,758,134,1,1,http://localhost:3000/api/especialidades,1,0,0
1787190483954,2,HTTP Request,200,OK,Thread Group 1-19,text,true,,1189,127,1,1,http://localhost:3000/api/medicos,2,0,0
1787190483957,4,HTTP Request,200,OK,Thread Group 1-19,text,true,,1074,140,1,1,http://localhost:3000/api/medicos/estadisticas,4,0,0
1787190483961,3,HTTP Request,200,OK,Thread Group 1-19,text,true,,3037,129,1,1,http://localhost:3000/api/pacientes,3,0,0
1787190483965,2,HTTP Request,200,OK,Thread Group 1-19,text,true,,1703,135,1,1,http://localhost:3000/api/citas/completas,2,0,0
1787190483967,1,HTTP Request,200,OK,Thread Group 1-19,text,true,,336,126,1,1,http://localhost:3000/api/health,1,0,0
1787190483968,2,HTTP Request,200,OK,Thread Group 1-19,text,true,,758,134,1,1,http://localhost:3000/api/especialidades,2,0,0
1787190483970,3,HTTP Request,200,OK,Thread Group 1-19,text,true,,1189,127,1,1,http://localhost:3000/api/medicos,3,0,0
1787190483973,4,HTTP Request,200,OK,Thread Group 1-19,text,true,,1074,140,1,1,http://localhost:3000/api/medicos/estadisticas,4,0,0
1787190483977,3,HTTP Request,200,OK,Thread Group 1-19,text,true,,3037,129,1,1,http://localhost:3000/api/pacientes,3,0,0
1787190483980,3,HTTP Request,200,OK,Thread Group 1-19,text,true,,1703,135,1,1,http://localhost:3000/api/citas/completas,3,0,0
1787190484385,3,HTTP Request,200,OK,Thread Group 1-20,text,true,,336,126,1,1,http://localhost:3000/api/health,3,0,2
1787190484388,3,HTTP Request,200,OK,Thread Group 1-20,text,true,,758,134,1,1,http://localhost:3000/api/especialidades,3,0,0
1787190484391,3,HTTP Request,200,OK,Thread Group 1-20,text,true,,1189,127,1,1,http://localhost:3000/api/medicos,3,0,0
1787190484395,6,HTTP Request,200,OK,Thread Group 1-20,text,true,,1074,140,1,1,http://localhost:3000/api/medicos/estadisticas,6,0,0
1787190484401,3,HTTP Request,200,OK,Thread Group 1-20,text,true,,3037,129,1,1,http://localhost:3000/api/pacientes,3,0,0
1787190484404,2,HTTP Request,200,OK,Thread Group 1-20,text,true,,1703,135,1,1,http://localhost:3000/api/citas/completas,2,0,0
1787190484406,1,HTTP Request,200,OK,Thread Group 1-20,text,true,,336,126,1,1,http://localhost:3000/api/health,1,0,0
1787190484407,3,HTTP Request,200,OK,Thread Group 1-20,text,true,,758,134,1,1,http://localhost:3000/api/especialidades,3,0,0
1787190484410,45,HTTP Request,200,OK,Thread Group 1-20,text,true,,1189,127,1,1,http://localhost:3000/api/medicos,45,0,0
1787190484455,12,HTTP Request,200,OK,Thread Group 1-20,text,true,,1074,140,1,1,http://localhost:3000/api/medicos/estadisticas,12,0,0
1787190484468,13,HTTP Request,200,OK,Thread Group 1-20,text,true,,3037,129,1,1,http://localhost:3000/api/pacientes,13,0,0
1787190484481,3,HTTP Request,200,OK,Thread Group 1-20,text,true,,1703,135,1,1,http://localhost:3000/api/citas/completas,3,0,0
1787190484484,1,HTTP Request,200,OK,Thread Group 1-20,text,true,,336,126,1,1,http://localhost:3000/api/health,1,0,0
1787190484485,2,HTTP Request,200,OK,Thread Group 1-20,text,true,,758,134,1,1,http://localhost:3000/api/especialidades,2,0,0
1787190484487,2,HTTP Request,200,OK,Thread Group 1-20,text,true,,1189,127,1,1,http://localhost:3000/api/medicos,2,0,0
1787190484489,11,HTTP Request,200,OK,Thread Group 1-20,text,true,,1074,140,1,1,http://localhost:3000/api/medicos/estadisticas,11,0,0
1787190484501,5,HTTP Request,200,OK,Thread Group 1-20,text,true,,3037,129,1,1,http://localhost:3000/api/pacientes,5,0,0
1787190484507,4,HTTP Request,200,OK,Thread Group 1-20,text,true,,1703,135,1,1,http://localhost:3000/api/citas/completas,3,0,0
1787190484511,1,HTTP Request,200,OK,Thread Group 1-20,text,true,,336,126,1,1,http://localhost:3000/api/health,0,0,0
1787190484512,2,HTTP Request,200,OK,Thread Group 1-20,text,true,,758,134,1,1,http://localhost:3000/api/especialidades,2,0,0
1787190484514,2,HTTP Request,200,OK,Thread Group 1-20,text,true,,1189,127,1,1,http://localhost:3000/api/medicos,2,0,0
1787190484516,4,HTTP Request,200,OK,Thread Group 1-20,text,true,,1074,140,1,1,http://localhost:3000/api/medicos/estadisticas,4,0,0
1787190484520,2,HTTP Request,200,OK,Thread Group 1-20,text,true,,3037,129,1,1,http://localhost:3000/api/pacientes,2,0,0
1787190484523,2,HTTP Request,200,OK,Thread Group 1-20,text,true,,1703,135,1,1,http://localhost:3000/api/citas/completas,2,0,0
1787190484525,1,HTTP Request,200,OK,Thread Group 1-20,text,true,,336,126,1,1,http://localhost:3000/api/health,1,0,0
1787190484526,2,HTTP Request,200,OK,Thread Group 1-20,text,true,,758,134,1,1,http://localhost:3000/api/especialidades,2,0,0
1787190484529,2,HTTP Request,200,OK,Thread Group 1-20,text,true,,1189,127,1,1,http://localhost:3000/api/medicos,2,0,0
1787190484531,5,HTTP Request,200,OK,Thread Group 1-20,text,true,,1074,140,1,1,http://localhost:3000/api/medicos/estadisticas,5,0,0
1787190484536,2,HTTP Request,200,OK,Thread Group 1-20,text,true,,3037,129,1,1,http://localhost:3000/api/pacientes,2,0,0
1787190484538,3,HTTP Request,200,OK,Thread Group 1-20,text,true,,1703,135,1,1,http://localhost:3000/api/citas/completas,3,0,0
